Name,Price,Url
Куртка MC459D-01  черн.,10900₽,https://sudar.su/catalog/kurtki_zimnie/kurtka_mc459d_01_chern/
Куртка 10471-11 т.син.,13900₽,https://sudar.su/catalog/kurtki_zimnie/kurtka_10471_11_t_sin/
Куртка 655F dark navy,8950₽,https://sudar.su/catalog/kurtki_zimnie/kurtka_655f_dark_navy/
Куртка VK-005,8950₽,https://sudar.su/catalog/kurtki_zimnie/kurtka_vk_005/
Куртка MUSE dark brown,8950₽,https://sudar.su/catalog/kurtki_zimnie/kurtka_muse_dark_brown/
Куртка D-2303 dark navy,13230₽,https://sudar.su/catalog/kurtki_zimnie/kurtka_d_2303_dark_navy/
Куртка М-1658,19900₽,https://sudar.su/catalog/kurtki_zimnie/kurtka_m_1658/
Куртка М-1628,19900₽,https://sudar.su/catalog/kurtki_zimnie/kurtka_m_1628/
Куртка MUSE dark navy,9950₽,https://sudar.su/catalog/kurtki_zimnie/kurtka_muse_dark_navy/
Куртка 10471-01 черн.,19900₽,https://sudar.su/catalog/kurtki_zimnie/kurtka_10471_01_chern/
Куртка М-1627,21900₽,https://sudar.su/catalog/kurtki_zimnie/kurtka_m_1627/
Куртка NW-KM-1441,22900₽,https://sudar.su/catalog/kurtki_zimnie/kurtka_nw_km_1441/
Куртка Степлтон,22900₽,https://sudar.su/catalog/kurtki_zimnie/kurtka_steplton/
Куртка Cando BF/Z736 хаки,22900₽,https://sudar.su/catalog/kurtki_zimnie/kurtka_cando_bf_z736_khaki/
name,price,url
Куртка MC459D-01  черн.,10900₽,https://sudar.su/catalog/kurtki_zimnie/kurtka_mc459d_01_chern/
Куртка 10471-11 т.син.,13900₽,https://sudar.su/catalog/kurtki_zimnie/kurtka_10471_11_t_sin/
Куртка 655F dark navy,8950₽,https://sudar.su/catalog/kurtki_zimnie/kurtka_655f_dark_navy/
Куртка VK-005,8950₽,https://sudar.su/catalog/kurtki_zimnie/kurtka_vk_005/
Куртка MUSE dark brown,8950₽,https://sudar.su/catalog/kurtki_zimnie/kurtka_muse_dark_brown/
Куртка D-2303 dark navy,13230₽,https://sudar.su/catalog/kurtki_zimnie/kurtka_d_2303_dark_navy/
Куртка М-1658,19900₽,https://sudar.su/catalog/kurtki_zimnie/kurtka_m_1658/
Куртка М-1628,19900₽,https://sudar.su/catalog/kurtki_zimnie/kurtka_m_1628/
Куртка MUSE dark navy,9950₽,https://sudar.su/catalog/kurtki_zimnie/kurtka_muse_dark_navy/
Куртка 10471-01 черн.,19900₽,https://sudar.su/catalog/kurtki_zimnie/kurtka_10471_01_chern/
Куртка М-1627,21900₽,https://sudar.su/catalog/kurtki_zimnie/kurtka_m_1627/
Куртка NW-KM-1441,22900₽,https://sudar.su/catalog/kurtki_zimnie/kurtka_nw_km_1441/
Куртка Степлтон,22900₽,https://sudar.su/catalog/kurtki_zimnie/kurtka_steplton/
Куртка Cando BF/Z736 хаки,22900₽,https://sudar.su/catalog/kurtki_zimnie/kurtka_cando_bf_z736_khaki/
name,price,url
Куртка MC459D-01  черн.,10900₽,https://sudar.su/catalog/kurtki_zimnie/kurtka_mc459d_01_chern/
Куртка 10471-11 т.син.,13900₽,https://sudar.su/catalog/kurtki_zimnie/kurtka_10471_11_t_sin/
Куртка 655F dark navy,8950₽,https://sudar.su/catalog/kurtki_zimnie/kurtka_655f_dark_navy/
Куртка VK-005,8950₽,https://sudar.su/catalog/kurtki_zimnie/kurtka_vk_005/
Куртка MUSE dark brown,8950₽,https://sudar.su/catalog/kurtki_zimnie/kurtka_muse_dark_brown/
Куртка D-2303 dark navy,13230₽,https://sudar.su/catalog/kurtki_zimnie/kurtka_d_2303_dark_navy/
Куртка М-1658,19900₽,https://sudar.su/catalog/kurtki_zimnie/kurtka_m_1658/
Куртка М-1628,19900₽,https://sudar.su/catalog/kurtki_zimnie/kurtka_m_1628/
Куртка MUSE dark navy,9950₽,https://sudar.su/catalog/kurtki_zimnie/kurtka_muse_dark_navy/
Куртка 10471-01 черн.,19900₽,https://sudar.su/catalog/kurtki_zimnie/kurtka_10471_01_chern/
Куртка М-1627,21900₽,https://sudar.su/catalog/kurtki_zimnie/kurtka_m_1627/
Куртка NW-KM-1441,22900₽,https://sudar.su/catalog/kurtki_zimnie/kurtka_nw_km_1441/
Куртка Степлтон,22900₽,https://sudar.su/catalog/kurtki_zimnie/kurtka_steplton/
Куртка Cando BF/Z736 хаки,22900₽,https://sudar.su/catalog/kurtki_zimnie/kurtka_cando_bf_z736_khaki/
name,price,url
Куртка MC459D-01  черн.,10900₽,https://sudar.su/catalog/kurtki_zimnie/kurtka_mc459d_01_chern/
Куртка 10471-11 т.син.,13900₽,https://sudar.su/catalog/kurtki_zimnie/kurtka_10471_11_t_sin/
Куртка 655F dark navy,8950₽,https://sudar.su/catalog/kurtki_zimnie/kurtka_655f_dark_navy/
Куртка VK-005,8950₽,https://sudar.su/catalog/kurtki_zimnie/kurtka_vk_005/
Куртка MUSE dark brown,8950₽,https://sudar.su/catalog/kurtki_zimnie/kurtka_muse_dark_brown/
Куртка D-2303 dark navy,13230₽,https://sudar.su/catalog/kurtki_zimnie/kurtka_d_2303_dark_navy/
Куртка М-1658,19900₽,https://sudar.su/catalog/kurtki_zimnie/kurtka_m_1658/
Куртка М-1628,19900₽,https://sudar.su/catalog/kurtki_zimnie/kurtka_m_1628/
Куртка MUSE dark navy,9950₽,https://sudar.su/catalog/kurtki_zimnie/kurtka_muse_dark_navy/
Куртка 10471-01 черн.,19900₽,https://sudar.su/catalog/kurtki_zimnie/kurtka_10471_01_chern/
Куртка М-1627,21900₽,https://sudar.su/catalog/kurtki_zimnie/kurtka_m_1627/
Куртка NW-KM-1441,22900₽,https://sudar.su/catalog/kurtki_zimnie/kurtka_nw_km_1441/
Куртка Степлтон,22900₽,https://sudar.su/catalog/kurtki_zimnie/kurtka_steplton/
Куртка Cando BF/Z736 хаки,22900₽,https://sudar.su/catalog/kurtki_zimnie/kurtka_cando_bf_z736_khaki/
name,price,url
Куртка MC459D-01  черн.,10900₽,https://sudar.su/catalog/kurtki_zimnie/kurtka_mc459d_01_chern/
Куртка 10471-11 т.син.,13900₽,https://sudar.su/catalog/kurtki_zimnie/kurtka_10471_11_t_sin/
Куртка 655F dark navy,8950₽,https://sudar.su/catalog/kurtki_zimnie/kurtka_655f_dark_navy/
Куртка VK-005,8950₽,https://sudar.su/catalog/kurtki_zimnie/kurtka_vk_005/
Куртка MUSE dark brown,8950₽,https://sudar.su/catalog/kurtki_zimnie/kurtka_muse_dark_brown/
Куртка D-2303 dark navy,13230₽,https://sudar.su/catalog/kurtki_zimnie/kurtka_d_2303_dark_navy/
Куртка М-1658,19900₽,https://sudar.su/catalog/kurtki_zimnie/kurtka_m_1658/
Куртка М-1628,19900₽,https://sudar.su/catalog/kurtki_zimnie/kurtka_m_1628/
Куртка MUSE dark navy,9950₽,https://sudar.su/catalog/kurtki_zimnie/kurtka_muse_dark_navy/
Куртка 10471-01 черн.,19900₽,https://sudar.su/catalog/kurtki_zimnie/kurtka_10471_01_chern/
Куртка М-1627,21900₽,https://sudar.su/catalog/kurtki_zimnie/kurtka_m_1627/
Куртка NW-KM-1441,22900₽,https://sudar.su/catalog/kurtki_zimnie/kurtka_nw_km_1441/
Куртка Степлтон,22900₽,https://sudar.su/catalog/kurtki_zimnie/kurtka_steplton/
Куртка Cando BF/Z736 хаки,22900₽,https://sudar.su/catalog/kurtki_zimnie/kurtka_cando_bf_z736_khaki/
name,price,url
Куртка MC459D-01  черн.,10900₽,https://sudar.su/catalog/kurtki_zimnie/kurtka_mc459d_01_chern/
Куртка 10471-11 т.син.,13900₽,https://sudar.su/catalog/kurtki_zimnie/kurtka_10471_11_t_sin/
Куртка 655F dark navy,8950₽,https://sudar.su/catalog/kurtki_zimnie/kurtka_655f_dark_navy/
Куртка VK-005,8950₽,https://sudar.su/catalog/kurtki_zimnie/kurtka_vk_005/
Куртка MUSE dark brown,8950₽,https://sudar.su/catalog/kurtki_zimnie/kurtka_muse_dark_brown/
Куртка D-2303 dark navy,13230₽,https://sudar.su/catalog/kurtki_zimnie/kurtka_d_2303_dark_navy/
Куртка М-1658,19900₽,https://sudar.su/catalog/kurtki_zimnie/kurtka_m_1658/
Куртка М-1628,19900₽,https://sudar.su/catalog/kurtki_zimnie/kurtka_m_1628/
Куртка MUSE dark navy,9950₽,https://sudar.su/catalog/kurtki_zimnie/kurtka_muse_dark_navy/
Куртка 10471-01 черн.,19900₽,https://sudar.su/catalog/kurtki_zimnie/kurtka_10471_01_chern/
Куртка М-1627,21900₽,https://sudar.su/catalog/kurtki_zimnie/kurtka_m_1627/
Куртка NW-KM-1441,22900₽,https://sudar.su/catalog/kurtki_zimnie/kurtka_nw_km_1441/
Куртка Степлтон,22900₽,https://sudar.su/catalog/kurtki_zimnie/kurtka_steplton/
Куртка Cando BF/Z736 хаки,22900₽,https://sudar.su/catalog/kurtki_zimnie/kurtka_cando_bf_z736_khaki/
